thesaurus,keyword,type
LTER controlled vocbulary,carbon dynamics,theme
LTER controlled vocbulary,carbon,theme
LTER controlled vocbulary,organic carbon,theme
LTER controlled vocbulary,soil,theme
LTER controlled vocbulary,soil bulk density,theme
LTER controlled vocbulary,soil carbon,theme
LTER controlled vocbulary,soil chemistry,theme
LTER controlled vocbulary,soil horizons,theme
LTER controlled vocbulary,soil moisture,theme
LTER controlled vocbulary,soil nitrogen,theme
LTER controlled vocbulary,soil nutrients,theme
LTER controlled vocbulary,soil organic matter,theme
LTER controlled vocbulary,soil ph,theme
LTER controlled vocbulary,soil phosphorus,theme
LTER controlled vocbulary,soil properties,theme
LTER controlled vocbulary,soil respiration,theme
LTER controlled vocbulary,soil samples,theme
LTER controlled vocbulary,soil solution chemistry,theme
LTER controlled vocbulary,soil texture,theme
LTER core areas,Movement of Organic Matter,theme
LTER core areas,Movement of Inorganic Matter,theme
Creator Defined Keyword Set,networks,theme
Creator Defined Keyword Set,open source,theme
Creator Defined Keyword Set,soil organic carbon,theme
